relative_path,bytes,sha256
reference/cheat-table/PES 2021 - wILL- v0.0.1 - Copia.CT,99809,f28d14079169457a93080dd4fe2287f1a2f91cffa9a9f747d1062152fd0d6ad3
reference/cheat-table/support/edit-player.lua,5037,036a88ed8df2f925fcbef8b78427b681f8c4b6f79e2a1dde711dcbecde658d89
reference/cheat-table/support/ml-calendar-bootstrap.lua,3133,00c2ee30885f88a7e5d220b501da3a082147e571e8186ac497d8e99acd807087
reference/world-gogosz-recent/MANIFEST-SHA256.csv,918,fca6ad3009a355665007563787ac22dbcdf49c283853697a0eea3fc62bfee79c
reference/world-gogosz-recent/ml_leagues.cfg,3085,92d03c9ca04ed0d74c71b258ac956c29a44ea38b06aa31f68e9536aa543384fb
reference/world-gogosz-recent/ml_player_info.lua,41331,2caa910e61b7cea961f9ff6593b4d9f0d99f908f16a5b0e8eea0c204f6846d4a
reference/world-gogosz-recent/ml_team_league.cfg,11344,ac394d4cf06c4a0a621dac24193ae8f1a3597380139b60dd945bbd844045bd0e
reference/world-gogosz-recent/ml_teams.cfg,11718,35c9a7a692f225b73de19ba60bd6769692c3bf296929cd46969ad7aafa694317
reference/world-gogosz-recent/README.md,893,36bf8a00b0ced7e54484285c80a4d92ee62ca58560d2ff7e1200512653c5b353
