"variant","run","record_limit","block_records","read_calls","bytes_requested","bytes_read","duration_ms","fixture_count","process_id","profile_sha256","overmem_commit"
"blocks-1024","1","13014","1024","1","610304","610304","17,73","380","3396","343be1f632db06a718bbc691dfa19b5231ad4fd40307ea8e3c81e7dbfe21c01d","13ad51b9768044848972b63b04883532b570cb2d"
"blocks-512","1","13014","512","1","610304","610304","17,13","380","3396","343be1f632db06a718bbc691dfa19b5231ad4fd40307ea8e3c81e7dbfe21c01d","13ad51b9768044848972b63b04883532b570cb2d"
"legacy","1","13014","1","1","610304","610304","17,34","380","3396","343be1f632db06a718bbc691dfa19b5231ad4fd40307ea8e3c81e7dbfe21c01d","13ad51b9768044848972b63b04883532b570cb2d"
"blocks-1024","2","13014","1024","1","610304","610304","16,53","380","3396","343be1f632db06a718bbc691dfa19b5231ad4fd40307ea8e3c81e7dbfe21c01d","13ad51b9768044848972b63b04883532b570cb2d"
"blocks-512","2","13014","512","1","610304","610304","17,52","380","3396","343be1f632db06a718bbc691dfa19b5231ad4fd40307ea8e3c81e7dbfe21c01d","13ad51b9768044848972b63b04883532b570cb2d"
"legacy","2","13014","1","1","610304","610304","16,79","380","3396","343be1f632db06a718bbc691dfa19b5231ad4fd40307ea8e3c81e7dbfe21c01d","13ad51b9768044848972b63b04883532b570cb2d"
"blocks-1024","3","13014","1024","1","610304","610304","18,63","380","3396","343be1f632db06a718bbc691dfa19b5231ad4fd40307ea8e3c81e7dbfe21c01d","13ad51b9768044848972b63b04883532b570cb2d"
"blocks-512","3","13014","512","1","610304","610304","16,95","380","3396","343be1f632db06a718bbc691dfa19b5231ad4fd40307ea8e3c81e7dbfe21c01d","13ad51b9768044848972b63b04883532b570cb2d"
"legacy","3","13014","1","1","610304","610304","18,4","380","3396","343be1f632db06a718bbc691dfa19b5231ad4fd40307ea8e3c81e7dbfe21c01d","13ad51b9768044848972b63b04883532b570cb2d"
"blocks-1024","4","13014","1024","1","610304","610304","17,64","380","3396","343be1f632db06a718bbc691dfa19b5231ad4fd40307ea8e3c81e7dbfe21c01d","13ad51b9768044848972b63b04883532b570cb2d"
"blocks-512","4","13014","512","1","610304","610304","19,46","380","3396","343be1f632db06a718bbc691dfa19b5231ad4fd40307ea8e3c81e7dbfe21c01d","13ad51b9768044848972b63b04883532b570cb2d"
"legacy","4","13014","1","1","610304","610304","17,38","380","3396","343be1f632db06a718bbc691dfa19b5231ad4fd40307ea8e3c81e7dbfe21c01d","13ad51b9768044848972b63b04883532b570cb2d"
"blocks-1024","5","13014","1024","1","610304","610304","17,32","380","3396","343be1f632db06a718bbc691dfa19b5231ad4fd40307ea8e3c81e7dbfe21c01d","13ad51b9768044848972b63b04883532b570cb2d"
"blocks-512","5","13014","512","1","610304","610304","16,61","380","3396","343be1f632db06a718bbc691dfa19b5231ad4fd40307ea8e3c81e7dbfe21c01d","13ad51b9768044848972b63b04883532b570cb2d"
"legacy","5","13014","1","1","610304","610304","17,03","380","3396","343be1f632db06a718bbc691dfa19b5231ad4fd40307ea8e3c81e7dbfe21c01d","13ad51b9768044848972b63b04883532b570cb2d"
