ct_entry_id,ct_path,ct_description,ct_entry_kind,offset_hex,variable_type,declared_width,bit_start,bit_length,profile_field,profile_parent,profile_width,width_match,match_basis,evidence_status,ct_claim_status,records_observed,distinct_values,zero_count,all_ones_count,minimum,maximum,top_values
17,Scripts > Edit Player > Player Info > Height (cm),Height (cm),PLAYER_FIELD,0x0,Binary,1,0,8,height,height,1,true,OFFSET,CONFIRMED,CANDIDATE,25005,53,0,,130,210,"[[180,2013],[178,1537],[185,1439],[175,1405],[183,1316]]"
22,Scripts > Edit Player > Player Info > Weight (kg),Weight (kg),PLAYER_FIELD,0x1,Binary,1,0,8,weight,weight,1,true,OFFSET,CONFIRMED,CANDIDATE,25005,59,0,,50,129,"[[70,2369],[78,2233],[72,1828],[75,1727],[80,1333]]"
115,Scripts > Edit Player > Abilities > Attributes > Offensive Awareness,Offensive Awareness,PLAYER_FIELD,0x3,Binary,1,0,7,,,,UNKNOWN,NO_PROFILE_MATCH,UNKNOWN,CANDIDATE,25005,55,0,,40,95,"[[75,1365],[70,1233],[65,1209],[40,1122],[76,958]]"
131,Scripts > Edit Player > Player Info > Stronger Foot,Stronger Foot,PLAYER_FIELD,0x3,Binary,1,7,1,,,,UNKNOWN,NO_PROFILE_MATCH,UNKNOWN,CANDIDATE,25005,2,19390,,0,1,"[[0,19390],[1,5615]]"
135,Scripts > Edit Player > Abilities > Attributes > Defensive Awareness,Defensive Awareness,PLAYER_FIELD,0x4,Binary,1,0,7,,,,UNKNOWN,NO_PROFILE_MATCH,UNKNOWN,CANDIDATE,25005,55,0,,40,96,"[[50,1197],[75,1086],[65,893],[52,878],[70,872]]"
137,Scripts > Edit Player > Abilities > Attributes > GK Awareness,GK Awareness,PLAYER_FIELD,0x4,Binary,2,7,7,,,,UNKNOWN,NO_PROFILE_MATCH,UNKNOWN,CANDIDATE,25005,57,0,,40,98,"[[40,22083],[80,250],[78,221],[79,213],[77,198]]"
116,Scripts > Edit Player > Abilities > Attributes > Dribbling,Dribbling,PLAYER_FIELD,0x5,Binary,2,6,7,,,,UNKNOWN,NO_PROFILE_MATCH,UNKNOWN,CANDIDATE,25005,55,0,,40,95,"[[70,1625],[75,1539],[72,1380],[73,1293],[71,1238]]"
117,Scripts > Edit Player > Abilities > Attributes > Ball Control,Ball Control,PLAYER_FIELD,0x6,Binary,2,5,7,,,,UNKNOWN,NO_PROFILE_MATCH,UNKNOWN,CANDIDATE,25005,56,0,,40,96,"[[75,1822],[70,1804],[72,1615],[73,1509],[71,1395]]"
90,Scripts > Edit Player > Positions > Registred Position,Registred Position,PLAYER_FIELD,0x7,Binary,1,4,4,,,,UNKNOWN,NO_PROFILE_MATCH,UNKNOWN,CANDIDATE,25005,13,2771,,0,12,"[[1,4215],[12,3152],[5,2889],[0,2771],[4,2077]]"
118,Scripts > Edit Player > Abilities > Attributes > Tight Possession,Tight Possession,PLAYER_FIELD,0x8,Binary,1,0,7,,,,UNKNOWN,NO_PROFILE_MATCH,UNKNOWN,CANDIDATE,25005,56,0,,40,99,"[[70,1714],[75,1687],[72,1217],[73,1197],[71,1151]]"
122,Scripts > Edit Player > Abilities > Attributes > Finishing,Finishing,PLAYER_FIELD,0x8,Binary,2,7,7,,,,UNKNOWN,NO_PROFILE_MATCH,UNKNOWN,CANDIDATE,25005,54,0,,40,93,"[[40,1522],[60,1221],[75,1115],[65,993],[70,948]]"
119,Scripts > Edit Player > Abilities > Attributes > Low Pass,Low Pass,PLAYER_FIELD,0x9,Binary,2,6,7,,,,UNKNOWN,NO_PROFILE_MATCH,UNKNOWN,CANDIDATE,25005,56,0,,40,96,"[[70,1863],[75,1747],[72,1500],[73,1418],[68,1377]]"
120,Scripts > Edit Player > Abilities > Attributes > Lofted Pass,Lofted Pass,PLAYER_FIELD,0xA,Binary,2,5,7,,,,UNKNOWN,NO_PROFILE_MATCH,UNKNOWN,CANDIDATE,25005,54,0,,40,96,"[[70,1828],[75,1636],[72,1432],[73,1332],[68,1287]]"
121,Scripts > Edit Player > Abilities > Attributes > Heading,Heading,PLAYER_FIELD,0xC,Binary,1,0,7,,,,UNKNOWN,NO_PROFILE_MATCH,UNKNOWN,CANDIDATE,25005,54,0,,40,94,"[[60,2922],[70,1754],[65,1381],[62,1211],[63,1206]]"
136,Scripts > Edit Player > Abilities > Attributes > Ball Winning,Ball Winning,PLAYER_FIELD,0xC,Binary,2,7,7,,,,UNKNOWN,NO_PROFILE_MATCH,UNKNOWN,CANDIDATE,25005,55,0,,40,94,"[[51,1100],[75,1060],[50,1013],[70,992],[52,854]]"
51,Scripts > Edit Player > Abilities > Attributes > Aggression,Aggression,PLAYER_FIELD,0xD,Binary,2,6,7,,,,UNKNOWN,NO_PROFILE_MATCH,UNKNOWN,CANDIDATE,25005,57,0,,40,99,"[[70,1258],[75,1059],[65,997],[72,954],[66,939]]"
124,Scripts > Edit Player > Abilities > Attributes > Place Kicking,Place Kicking,PLAYER_FIELD,0xE,Binary,2,5,7,,,,UNKNOWN,NO_PROFILE_MATCH,UNKNOWN,CANDIDATE,25005,53,0,,40,93,"[[60,1742],[65,1405],[62,1376],[61,1238],[63,1219]]"
126,Scripts > Edit Player > Abilities > Attributes > Curl,Curl,PLAYER_FIELD,0x10,Binary,1,0,7,,,,UNKNOWN,NO_PROFILE_MATCH,UNKNOWN,CANDIDATE,25005,52,0,,40,91,"[[65,1722],[67,1378],[66,1351],[70,1339],[68,1336]]"
138,Scripts > Edit Player > Abilities > Attributes > GK Catching,GK Catching,PLAYER_FIELD,0x10,Binary,2,7,7,,,,UNKNOWN,NO_PROFILE_MATCH,UNKNOWN,CANDIDATE,25005,53,0,,40,95,"[[40,22169],[78,226],[80,225],[77,208],[81,183]]"
139,Scripts > Edit Player > Abilities > Attributes > GK Clearing,GK Clearing,PLAYER_FIELD,0x11,Binary,2,6,7,,,,UNKNOWN,NO_PROFILE_MATCH,UNKNOWN,CANDIDATE,25005,54,0,,40,96,"[[40,22211],[80,221],[78,215],[79,210],[77,176]]"
140,Scripts > Edit Player > Abilities > Attributes > GK Reflexes,GK Reflexes,PLAYER_FIELD,0x12,Binary,2,5,7,,,,UNKNOWN,NO_PROFILE_MATCH,UNKNOWN,CANDIDATE,25005,52,0,,40,99,"[[40,22217],[80,252],[79,210],[82,208],[78,208]]"
142,Scripts > Edit Player > Abilities > Attributes > GK Reach,GK Reach,PLAYER_FIELD,0x14,Binary,1,0,7,,,,UNKNOWN,NO_PROFILE_MATCH,UNKNOWN,CANDIDATE,25005,51,0,,40,98,"[[40,22221],[80,265],[79,241],[78,204],[81,196]]"
127,Scripts > Edit Player > Abilities > Attributes > Speed,Speed,PLAYER_FIELD,0x14,Binary,2,7,7,,,,UNKNOWN,NO_PROFILE_MATCH,UNKNOWN,CANDIDATE,25005,56,0,,40,96,"[[75,2017],[76,1821],[78,1757],[77,1631],[74,1406]]"
132,Scripts > Edit Player > Abilities > Attributes > Physical Contact,Physical Contact,PLAYER_FIELD,0x15,Binary,2,6,7,,,,UNKNOWN,NO_PROFILE_MATCH,UNKNOWN,CANDIDATE,25005,52,0,,40,99,"[[70,1584],[75,1502],[78,1270],[65,1246],[76,1242]]"
133,Scripts > Edit Player > Abilities > Attributes > Balance,Balance,PLAYER_FIELD,0x16,Binary,2,5,7,,,,UNKNOWN,NO_PROFILE_MATCH,UNKNOWN,CANDIDATE,25005,54,0,,40,93,"[[75,1947],[70,1721],[76,1433],[72,1276],[73,1274]]"
146,Scripts > Edit Player > Abilities > Attributes > Form,Form,PLAYER_FIELD,0x17,Binary,1,4,3,,,,UNKNOWN,NO_PROFILE_MATCH,UNKNOWN,CANDIDATE,25005,8,42,,0,7,"[[3,12233],[4,7488],[5,2742],[2,1289],[6,539]]"
129,Scripts > Edit Player > Abilities > Attributes > Kicking Power,Kicking Power,PLAYER_FIELD,0x18,Binary,1,0,7,,,,UNKNOWN,NO_PROFILE_MATCH,UNKNOWN,CANDIDATE,25005,51,0,,40,97,"[[75,2419],[70,1885],[72,1823],[73,1654],[76,1635]]"
128,Scripts > Edit Player > Abilities > Attributes > Acceleration,Acceleration,PLAYER_FIELD,0x18,Binary,2,7,7,,,,UNKNOWN,NO_PROFILE_MATCH,UNKNOWN,CANDIDATE,25005,55,0,,40,98,"[[75,1840],[76,1592],[78,1562],[77,1479],[79,1264]]"
130,Scripts > Edit Player > Abilities > Attributes > Jump,Jump,PLAYER_FIELD,0x19,Binary,2,6,7,,,,UNKNOWN,NO_PROFILE_MATCH,UNKNOWN,CANDIDATE,25005,55,0,,40,99,"[[70,1661],[75,1469],[72,1316],[65,1301],[68,1214]]"
134,Scripts > Edit Player > Abilities > Attributes > Stamina,Stamina,PLAYER_FIELD,0x1A,Binary,2,5,7,,,,UNKNOWN,NO_PROFILE_MATCH,UNKNOWN,CANDIDATE,25005,54,0,,40,96,"[[80,4055],[76,1857],[78,1737],[75,1733],[77,1422]]"
187,Scripts > Edit Player > Abilities > COM Playing Styles > Trickster,Trickster,PLAYER_FIELD,0x1B,Binary,1,7,1,,,,UNKNOWN,NO_PROFILE_MATCH,UNKNOWN,CANDIDATE,25005,2,22737,,0,1,"[[0,22737],[1,2268]]"
56,Scripts > Edit Player > Player Info > Age,Age,PLAYER_FIELD,0x1C,Binary,1,0,6,,,,UNKNOWN,NO_PROFILE_MATCH,UNKNOWN,CANDIDATE,25005,37,0,,15,63,"[[23,1881],[22,1877],[25,1824],[24,1765],[21,1752]]"
185,Scripts > Edit Player > Abilities > Playing Style,Playing Style,PLAYER_FIELD,0x1D,Binary,1,3,5,,,,UNKNOWN,NO_PROFILE_MATCH,UNKNOWN,CANDIDATE,25005,22,1101,,0,21,"[[11,2468],[4,2180],[9,2136],[15,1962],[1,1919]]"
92,Scripts > Edit Player > Positions > Playable Position > CF - Center Forward,CF - Center Forward,PLAYER_FIELD,0x1F,Binary,1,1,2,,,,UNKNOWN,NO_PROFILE_MATCH,UNKNOWN,CANDIDATE,25005,3,19647,,0,2,"[[0,19647],[2,4358],[1,1000]]"
93,Scripts > Edit Player > Positions > Playable Position > SS - Second Striker,SS - Second Striker,PLAYER_FIELD,0x1F,Binary,1,3,2,,,,UNKNOWN,NO_PROFILE_MATCH,UNKNOWN,CANDIDATE,25005,3,18319,,0,2,"[[0,18319],[2,3598],[1,3088]]"
94,Scripts > Edit Player > Positions > Playable Position > LWF - Left Wing Forward,LWF - Left Wing Forward,PLAYER_FIELD,0x1F,Binary,1,5,2,,,,UNKNOWN,NO_PROFILE_MATCH,UNKNOWN,CANDIDATE,25005,3,18267,,0,2,"[[0,18267],[2,5212],[1,1526]]"
189,Scripts > Edit Player > Abilities > COM Playing Styles > Mazing Run,Mazing Run,PLAYER_FIELD,0x1F,Binary,1,7,1,,,,UNKNOWN,NO_PROFILE_MATCH,UNKNOWN,CANDIDATE,25005,2,20987,,0,1,"[[0,20987],[1,4018]]"
95,Scripts > Edit Player > Positions > Playable Position > RWF - Right Wing Forward,RWF - Right Wing Forward,PLAYER_FIELD,0x20,Binary,1,0,2,,,,UNKNOWN,NO_PROFILE_MATCH,UNKNOWN,CANDIDATE,25005,3,18283,,0,2,"[[0,18283],[2,5163],[1,1559]]"
96,Scripts > Edit Player > Positions > Playable Position > AMF - Attacking Midfielder,AMF - Attacking Midfielder,PLAYER_FIELD,0x20,Binary,1,2,2,,,,UNKNOWN,NO_PROFILE_MATCH,UNKNOWN,CANDIDATE,25005,3,17384,,0,2,"[[0,17384],[2,4529],[1,3092]]"
100,Scripts > Edit Player > Positions > Playable Position > DMF - Defensive Midfielder,DMF - Defensive Midfielder,PLAYER_FIELD,0x20,Binary,1,4,2,,,,UNKNOWN,NO_PROFILE_MATCH,UNKNOWN,CANDIDATE,25005,3,18259,,0,2,"[[0,18259],[2,4433],[1,2313]]"
99,Scripts > Edit Player > Positions > Playable Position > CMF - Center Midfielder,CMF - Center Midfielder,PLAYER_FIELD,0x20,Binary,1,6,2,,,,UNKNOWN,NO_PROFILE_MATCH,UNKNOWN,CANDIDATE,25005,3,17272,,0,2,"[[0,17272],[2,5946],[1,1787]]"
97,Scripts > Edit Player > Positions > Playable Position > LMF - Left Midfielder,LMF - Left Midfielder,PLAYER_FIELD,0x21,Binary,1,0,2,,,,UNKNOWN,NO_PROFILE_MATCH,UNKNOWN,CANDIDATE,25005,3,17353,,0,2,"[[0,17353],[2,4674],[1,2978]]"
98,Scripts > Edit Player > Positions > Playable Position > RMF - Right Midfielder,RMF - Right Midfielder,PLAYER_FIELD,0x21,Binary,1,2,2,,,,UNKNOWN,NO_PROFILE_MATCH,UNKNOWN,CANDIDATE,25005,3,17238,,0,2,"[[0,17238],[2,4624],[1,3143]]"
103,Scripts > Edit Player > Positions > Playable Position > CB - Center Back,CB - Center Back,PLAYER_FIELD,0x21,Binary,1,4,2,,,,UNKNOWN,NO_PROFILE_MATCH,UNKNOWN,CANDIDATE,25005,3,18867,,0,2,"[[0,18867],[2,5319],[1,819]]"
101,Scripts > Edit Player > Positions > Playable Position > LB - Left Back,LB - Left Back,PLAYER_FIELD,0x21,Binary,1,6,2,,,,UNKNOWN,NO_PROFILE_MATCH,UNKNOWN,CANDIDATE,25005,3,20888,,0,2,"[[0,20888],[2,2983],[1,1134]]"
102,Scripts > Edit Player > Positions > Playable Position > RB - Right Back,RB - Right Back,PLAYER_FIELD,0x22,Binary,1,0,2,,,,UNKNOWN,NO_PROFILE_MATCH,UNKNOWN,CANDIDATE,25005,3,20684,,0,2,"[[0,20684],[2,3114],[1,1207]]"
104,Scripts > Edit Player > Positions > Playable Position > GK - Goalkeeper,GK - Goalkeeper,PLAYER_FIELD,0x22,Binary,1,2,2,,,,UNKNOWN,NO_PROFILE_MATCH,UNKNOWN,CANDIDATE,25005,3,22361,,0,2,"[[0,22361],[2,2641],[1,3]]"
145,Scripts > Edit Player > Abilities > Attributes > Weak Foot Accuracy,Weak Foot Accuracy,PLAYER_FIELD,0x22,Binary,1,4,2,,,,UNKNOWN,NO_PROFILE_MATCH,UNKNOWN,CANDIDATE,25005,4,1441,,0,3,"[[1,15967],[2,6256],[0,1441],[3,1341]]"
147,Scripts > Edit Player > Abilities > Attributes > Injury Resistance,Injury Resistance,PLAYER_FIELD,0x22,Binary,1,6,2,,,,UNKNOWN,NO_PROFILE_MATCH,UNKNOWN,CANDIDATE,25005,3,2450,,0,2,"[[1,17963],[2,4592],[0,2450]]"
144,Scripts > Edit Player > Abilities > Attributes > Weak Foot Usage,Weak Foot Usage,PLAYER_FIELD,0x23,Binary,1,0,2,,,,UNKNOWN,NO_PROFILE_MATCH,UNKNOWN,CANDIDATE,25005,4,2494,,0,3,"[[1,17034],[2,4327],[0,2494],[3,1150]]"
190,Scripts > Edit Player > Abilities > COM Playing Styles > Speeding Bullet,Speeding Bullet,PLAYER_FIELD,0x23,Binary,1,6,1,,,,UNKNOWN,NO_PROFILE_MATCH,UNKNOWN,CANDIDATE,25005,2,21250,,0,1,"[[0,21250],[1,3755]]"
191,Scripts > Edit Player > Abilities > COM Playing Styles > Incisive Run,Incisive Run,PLAYER_FIELD,0x23,Binary,1,7,1,,,,UNKNOWN,NO_PROFILE_MATCH,UNKNOWN,CANDIDATE,25005,2,21671,,0,1,"[[0,21671],[1,3334]]"
192,Scripts > Edit Player > Abilities > COM Playing Styles > Long Ball Expert,Long Ball Expert,PLAYER_FIELD,0x24,Binary,1,0,1,,,,UNKNOWN,NO_PROFILE_MATCH,UNKNOWN,CANDIDATE,25005,2,21272,,0,1,"[[0,21272],[1,3733]]"
193,Scripts > Edit Player > Abilities > COM Playing Styles > Early Cross,Early Cross,PLAYER_FIELD,0x24,Binary,1,1,1,,,,UNKNOWN,NO_PROFILE_MATCH,UNKNOWN,CANDIDATE,25005,2,22361,,0,1,"[[0,22361],[1,2644]]"
194,Scripts > Edit Player > Abilities > COM Playing Styles > Long Ranger,Long Ranger,PLAYER_FIELD,0x24,Binary,1,2,1,,,,UNKNOWN,NO_PROFILE_MATCH,UNKNOWN,CANDIDATE,25005,2,20499,,0,1,"[[0,20499],[1,4506]]"
107,Scripts > Edit Player > Abilities > Skills > Scissors Feint,Scissors Feint,PLAYER_FIELD,0x24,Binary,1,3,1,,,,UNKNOWN,NO_PROFILE_MATCH,UNKNOWN,CANDIDATE,25005,2,23590,,0,1,"[[0,23590],[1,1415]]"
150,Scripts > Edit Player > Abilities > Skills > Flip Flap,Flip Flap,PLAYER_FIELD,0x24,Binary,1,4,1,,,,UNKNOWN,NO_PROFILE_MATCH,UNKNOWN,CANDIDATE,25005,2,24424,,0,1,"[[0,24424],[1,581]]"
151,Scripts > Edit Player > Abilities > Skills > Marseille Turn,Marseille Turn,PLAYER_FIELD,0x24,Binary,1,5,1,,,,UNKNOWN,NO_PROFILE_MATCH,UNKNOWN,CANDIDATE,25005,2,24086,,0,1,"[[0,24086],[1,919]]"
152,Scripts > Edit Player > Abilities > Skills > Sombrero,Sombrero,PLAYER_FIELD,0x24,Binary,1,6,1,,,,UNKNOWN,NO_PROFILE_MATCH,UNKNOWN,CANDIDATE,25005,2,24556,,0,1,"[[0,24556],[1,449]]"
113,Scripts > Edit Player > Abilities > Skills > Cut Behind & Turn,Cut Behind & Turn,PLAYER_FIELD,0x24,Binary,1,7,1,,,,UNKNOWN,NO_PROFILE_MATCH,UNKNOWN,CANDIDATE,25005,2,22401,,0,1,"[[0,22401],[1,2604]]"
114,Scripts > Edit Player > Abilities > Skills > Scotch Move,Scotch Move,PLAYER_FIELD,0x25,Binary,1,0,1,,,,UNKNOWN,NO_PROFILE_MATCH,UNKNOWN,CANDIDATE,25005,2,24252,,0,1,"[[0,24252],[1,753]]"
155,Scripts > Edit Player > Abilities > Skills > Heading,Heading,PLAYER_FIELD,0x25,Binary,1,1,1,,,,UNKNOWN,NO_PROFILE_MATCH,UNKNOWN,CANDIDATE,25005,2,21879,,0,1,"[[0,21879],[1,3126]]"
156,Scripts > Edit Player > Abilities > Skills > Long Range Drive,Long Range Drive,PLAYER_FIELD,0x25,Binary,1,2,1,,,,UNKNOWN,NO_PROFILE_MATCH,UNKNOWN,CANDIDATE,25005,2,23362,,0,1,"[[0,23362],[1,1643]]"
158,Scripts > Edit Player > Abilities > Skills > Knuckle Shot,Knuckle Shot,PLAYER_FIELD,0x25,Binary,1,3,1,,,,UNKNOWN,NO_PROFILE_MATCH,UNKNOWN,CANDIDATE,25005,2,24336,,0,1,"[[0,24336],[1,669]]"
161,Scripts > Edit Player > Abilities > Skills > Acrobatic Finishing,Acrobatic Finishing,PLAYER_FIELD,0x25,Binary,1,4,1,,,,UNKNOWN,NO_PROFILE_MATCH,UNKNOWN,CANDIDATE,25005,2,23281,,0,1,"[[0,23281],[1,1724]]"
123,Scripts > Edit Player > Abilities > Skills > Heel Trick,Heel Trick,PLAYER_FIELD,0x25,Binary,1,5,1,,,,UNKNOWN,NO_PROFILE_MATCH,UNKNOWN,CANDIDATE,25005,2,23880,,0,1,"[[0,23880],[1,1125]]"
162,Scripts > Edit Player > Abilities > Skills > First-time Shot,First-time Shot,PLAYER_FIELD,0x25,Binary,1,6,1,,,,UNKNOWN,NO_PROFILE_MATCH,UNKNOWN,CANDIDATE,25005,2,22334,,0,1,"[[0,22334],[1,2671]]"
125,Scripts > Edit Player > Abilities > Skills > One-touch Pass,One-touch Pass,PLAYER_FIELD,0x25,Binary,1,7,1,,,,UNKNOWN,NO_PROFILE_MATCH,UNKNOWN,CANDIDATE,25005,2,22247,,0,1,"[[0,22247],[1,2758]]"
163,Scripts > Edit Player > Abilities > Skills > Weighted Pass,Weighted Pass,PLAYER_FIELD,0x26,Binary,1,0,1,,,,UNKNOWN,NO_PROFILE_MATCH,UNKNOWN,CANDIDATE,25005,2,23069,,0,1,"[[0,23069],[1,1936]]"
164,Scripts > Edit Player > Abilities > Skills > Pinpoint Crossing,Pinpoint Crossing,PLAYER_FIELD,0x26,Binary,1,1,1,,,,UNKNOWN,NO_PROFILE_MATCH,UNKNOWN,CANDIDATE,25005,2,23201,,0,1,"[[0,23201],[1,1804]]"
165,Scripts > Edit Player > Abilities > Skills > Outside Curler,Outside Curler,PLAYER_FIELD,0x26,Binary,1,2,1,,,,UNKNOWN,NO_PROFILE_MATCH,UNKNOWN,CANDIDATE,25005,2,23787,,0,1,"[[0,23787],[1,1218]]"
166,Scripts > Edit Player > Abilities > Skills > Rabona,Rabona,PLAYER_FIELD,0x26,Binary,1,3,1,,,,UNKNOWN,NO_PROFILE_MATCH,UNKNOWN,CANDIDATE,25005,2,24845,,0,1,"[[0,24845],[1,160]]"
168,Scripts > Edit Player > Abilities > Skills > Low Lofted Pass,Low Lofted Pass,PLAYER_FIELD,0x26,Binary,1,4,1,,,,UNKNOWN,NO_PROFILE_MATCH,UNKNOWN,CANDIDATE,25005,2,23712,,0,1,"[[0,23712],[1,1293]]"
169,Scripts > Edit Player > Abilities > Skills > GK Low Punt,GK Low Punt,PLAYER_FIELD,0x26,Binary,1,5,1,,,,UNKNOWN,NO_PROFILE_MATCH,UNKNOWN,CANDIDATE,25005,2,24199,,0,1,"[[0,24199],[1,806]]"
171,Scripts > Edit Player > Abilities > Skills > Long Throw,Long Throw,PLAYER_FIELD,0x26,Binary,1,6,1,,,,UNKNOWN,NO_PROFILE_MATCH,UNKNOWN,CANDIDATE,25005,2,23931,,0,1,"[[0,23931],[1,1074]]"
172,Scripts > Edit Player > Abilities > Skills > GK Long Throw,GK Long Throw,PLAYER_FIELD,0x26,Binary,1,7,1,,,,UNKNOWN,NO_PROFILE_MATCH,UNKNOWN,CANDIDATE,25005,2,24298,,0,1,"[[0,24298],[1,707]]"
175,Scripts > Edit Player > Abilities > Skills > Gamesmanship,Gamesmanship,PLAYER_FIELD,0x27,Binary,1,0,1,,,,UNKNOWN,NO_PROFILE_MATCH,UNKNOWN,CANDIDATE,25005,2,21948,,0,1,"[[0,21948],[1,3057]]"
176,Scripts > Edit Player > Abilities > Skills > Man Marking,Man Marking,PLAYER_FIELD,0x27,Binary,1,1,1,,,,UNKNOWN,NO_PROFILE_MATCH,UNKNOWN,CANDIDATE,25005,2,22937,,0,1,"[[0,22937],[1,2068]]"
177,Scripts > Edit Player > Abilities > Skills > Track Back,Track Back,PLAYER_FIELD,0x27,Binary,1,2,1,,,,UNKNOWN,NO_PROFILE_MATCH,UNKNOWN,CANDIDATE,25005,2,23861,,0,1,"[[0,23861],[1,1144]]"
178,Scripts > Edit Player > Abilities > Skills > Acrobatic Clear,Acrobatic Clear,PLAYER_FIELD,0x27,Binary,1,3,1,,,,UNKNOWN,NO_PROFILE_MATCH,UNKNOWN,CANDIDATE,25005,2,23467,,0,1,"[[0,23467],[1,1538]]"
143,Scripts > Edit Player > Abilities > Skills > Captaincy,Captaincy,PLAYER_FIELD,0x27,Binary,1,4,1,,,,UNKNOWN,NO_PROFILE_MATCH,UNKNOWN,CANDIDATE,25005,2,23196,,0,1,"[[0,23196],[1,1809]]"
179,Scripts > Edit Player > Abilities > Skills > Super-Sub,Super-Sub,PLAYER_FIELD,0x27,Binary,1,5,1,,,,UNKNOWN,NO_PROFILE_MATCH,UNKNOWN,CANDIDATE,25005,2,23890,,0,1,"[[0,23890],[1,1115]]"
180,Scripts > Edit Player > Abilities > Skills > Fighting Spirit,Fighting Spirit,PLAYER_FIELD,0x27,Binary,1,6,1,,,,UNKNOWN,NO_PROFILE_MATCH,UNKNOWN,CANDIDATE,25005,2,20945,,0,1,"[[0,20945],[1,4060]]"
167,Scripts > Edit Player > Abilities > Skills > No Look Pass,No Look Pass,PLAYER_FIELD,0x27,Binary,1,7,1,,,,UNKNOWN,NO_PROFILE_MATCH,UNKNOWN,CANDIDATE,25005,2,24804,,0,1,"[[0,24804],[1,201]]"
173,Scripts > Edit Player > Abilities > Skills > Penalty Specialist,Penalty Specialist,PLAYER_FIELD,0x28,Binary,1,0,1,,,,UNKNOWN,NO_PROFILE_MATCH,UNKNOWN,CANDIDATE,25005,2,23961,,0,1,"[[0,23961],[1,1044]]"
174,Scripts > Edit Player > Abilities > Skills > GK Penalty Saver,GK Penalty Saver,PLAYER_FIELD,0x28,Binary,1,1,1,,,,UNKNOWN,NO_PROFILE_MATCH,UNKNOWN,CANDIDATE,25005,2,24704,,0,1,"[[0,24704],[1,301]]"
157,Scripts > Edit Player > Abilities > Skills > Chip shot control,Chip shot control,PLAYER_FIELD,0x28,Binary,1,2,1,,,,UNKNOWN,NO_PROFILE_MATCH,UNKNOWN,CANDIDATE,25005,2,24350,,0,1,"[[0,24350],[1,655]]"
154,Scripts > Edit Player > Abilities > Skills > Step On Skill control,Step On Skill control,PLAYER_FIELD,0x28,Binary,1,3,1,,,,UNKNOWN,NO_PROFILE_MATCH,UNKNOWN,CANDIDATE,25005,2,22841,,0,1,"[[0,22841],[1,2164]]"
159,Scripts > Edit Player > Abilities > Skills > Dipping Shot,Dipping Shot,PLAYER_FIELD,0x28,Binary,1,4,1,,,,UNKNOWN,NO_PROFILE_MATCH,UNKNOWN,CANDIDATE,25005,2,23564,,0,1,"[[0,23564],[1,1441]]"
160,Scripts > Edit Player > Abilities > Skills > Rising Shots,Rising Shots,PLAYER_FIELD,0x28,Binary,1,5,1,,,,UNKNOWN,NO_PROFILE_MATCH,UNKNOWN,CANDIDATE,25005,2,23034,,0,1,"[[0,23034],[1,1971]]"
170,Scripts > Edit Player > Abilities > Skills > GK High Punt,GK High Punt,PLAYER_FIELD,0x28,Binary,1,6,1,,,,UNKNOWN,NO_PROFILE_MATCH,UNKNOWN,CANDIDATE,25005,2,24270,,0,1,"[[0,24270],[1,735]]"
141,Scripts > Edit Player > Abilities > Skills > Interception,Interception,PLAYER_FIELD,0x28,Binary,1,7,1,,,,UNKNOWN,NO_PROFILE_MATCH,UNKNOWN,CANDIDATE,25005,2,21122,,0,1,"[[0,21122],[1,3883]]"
149,Scripts > Edit Player > Abilities > Skills > Double Touch,Double Touch,PLAYER_FIELD,0x29,Binary,1,0,1,,,,UNKNOWN,NO_PROFILE_MATCH,UNKNOWN,CANDIDATE,25005,2,23040,,0,1,"[[0,23040],[1,1965]]"
153,Scripts > Edit Player > Abilities > Skills > Cross Over Turn,Cross Over Turn,PLAYER_FIELD,0x29,Binary,1,1,1,,,,UNKNOWN,NO_PROFILE_MATCH,UNKNOWN,CANDIDATE,25005,2,24185,,0,1,"[[0,24185],[1,820]]"
181,Scripts > Edit Player > Abilities > Skills > Long Range Shooting,Long Range Shooting,PLAYER_FIELD,0x29,Binary,1,2,1,,,,UNKNOWN,NO_PROFILE_MATCH,UNKNOWN,CANDIDATE,25005,2,23208,,0,1,"[[0,23208],[1,1797]]"
182,Scripts > Edit Player > Abilities > Skills > Through Passing,Through Passing,PLAYER_FIELD,0x29,Binary,1,3,1,,,,UNKNOWN,NO_PROFILE_MATCH,UNKNOWN,CANDIDATE,25005,2,23033,,0,1,"[[0,23033],[1,1972]]"
8,Scripts > Edit Player > Better Don't change :) > Player ID,Player ID,PLAYER_FIELD,0x30,4 Bytes,4,,,playerId,playerId,4,true,OFFSET,CONFIRMED,CANDIDATE,25005,25005,0,0,296,2147483710,"[[296,1],[557,1],[558,1],[729,1],[793,1]]"
54,Scripts > Edit Player > Player Info > Name > Commentary ID,Commentary ID,PLAYER_FIELD,0x34,4 Bytes,4,,,commentaryId,commentaryId,4,true,OFFSET,CANDIDATE,CANDIDATE,25005,19130,1,3486,0,4294967295,"[[4294967295,3486],[35878,54],[46021,53],[42644,35],[4412,35]]"
25,Scripts > Edit Player > Player Info > Name > Player Name,Player Name,PLAYER_FIELD,0x38,String,15,,,playerName,playerName,61,false,OFFSET,CONFIRMED,CANDIDATE,25005,23475,0,0,,,"[[""DUMMY"",29],[""Face Edit"",18],[""Vitinho"",17],[""Pedrinho"",15],[""João Victor"",13]]"
23,Scripts > Edit Player > Player Info > Name > Name on Strip (Club),Name on Strip (Club),PLAYER_FIELD,0x75,String,15,,,clubShirtName,clubShirtName,61,false,OFFSET,CANDIDATE,CANDIDATE,25005,18944,0,0,,,"[[""GABRIEL"",43],[""MATHEUS"",42],[""GONZÁLEZ"",41],[""LUCAS"",38],[""RODRÍGUEZ"",36]]"
24,Scripts > Edit Player > Player Info > Name > Name on Strip (National Team),Name on Strip (National Team),PLAYER_FIELD,0xB2,String,15,,,nationalShirtName,nationalShirtName,61,false,OFFSET,CANDIDATE,CANDIDATE,25005,15712,4100,0,,,"[["""",4100],[""GABRIEL"",45],[""MATHEUS"",43],[""LUCAS"",37],[""GONZÁLEZ"",37]]"
531,Scripts > Edit Player > Better Don't change :) > Team (?),Team (?),PLAYER_FIELD,0x12C,2 Bytes,2,,,unknown_12c,unknown_12c,2,true,OFFSET,UNKNOWN,UNKNOWN,25005,1,0,25005,65535,65535,"[[65535,25005]]"
530,Scripts > Edit Player > Better Don't change :) > League (?),League (?),PLAYER_FIELD,0x12E,2 Bytes,2,,,unknown_12e,unknown_12e,2,true,OFFSET,UNKNOWN,UNKNOWN,25005,1,0,25005,65535,65535,"[[65535,25005]]"
525,Scripts > Edit Player > Contract > Contract Ends > Year,Year,PLAYER_FIELD,0x138,2 Bytes,2,,,contractEndYear,contractEndYear,2,true,OFFSET,CANDIDATE,CANDIDATE,25005,7,0,23478,2026,65535,"[[65535,23478],[2026,777],[2027,320],[2028,229],[2029,132]]"
527,Scripts > Edit Player > Contract > Contract Ends > Month,Month,PLAYER_FIELD,0x13A,Byte,1,,,contractEndMonth,contractEndMonth,1,true,OFFSET,CANDIDATE,CANDIDATE,25005,13,23478,0,0,12,"[[0,23478],[12,861],[11,328],[6,222],[10,26]]"
526,Scripts > Edit Player > Contract > Contract Ends > Day,Day,PLAYER_FIELD,0x13B,Byte,1,,,contractEndDay,contractEndDay,1,true,OFFSET,CANDIDATE,CANDIDATE,25005,21,23478,0,0,31,"[[0,23478],[31,905],[30,576],[10,9],[1,6]]"
543,Scripts > Edit Player > Other > Affection,Affection,PLAYER_FIELD,0x13E,Byte,1,,,affection,affection,1,true,OFFSET,CANDIDATE,CANDIDATE,25005,1,25005,0,0,0,"[[0,25005]]"
634,Scripts > Edit Player > Other > Affection > Max Affection (?),Max Affection (?),PLAYER_FIELD,0x13F,Binary,1,0,1,affectionFlags,affectionFlags,1,true,OFFSET,CANDIDATE,CANDIDATE,25005,1,25005,,0,0,"[[0,25005]]"
547,Scripts > Edit Player > Other > Is Listed Player,Is Listed Player,PLAYER_FIELD,0x13F,Binary,1,1,1,affectionFlags,affectionFlags,1,true,OFFSET,CANDIDATE,CANDIDATE,25005,1,25005,,0,0,"[[0,25005]]"
515,Scripts > Edit Player > Team Role > Team Role > Level,Level,PLAYER_FIELD,0x143,Binary,1,6,2,teamRoleLevel,teamRoleLevel,1,true,OFFSET,CANDIDATE,CANDIDATE,25005,1,25005,,0,0,"[[0,25005]]"
148,Scripts > Edit Player > Player Info > Nationality,Nationality,PLAYER_FIELD,0x144,2 Bytes,2,,,nationality,nationality,2,true,OFFSET,CANDIDATE,CANDIDATE,25005,178,2,0,0,312,"[[146,4831],[144,1475],[236,1174],[208,999],[210,883]]"
538,Scripts > Edit Player > Other > Stamina Bar,Stamina Bar,PLAYER_FIELD,0x146,Binary,1,0,7,staminaBar,staminaBar,1,true,OFFSET,CANDIDATE,CANDIDATE,25005,1,0,,100,100,"[[100,25005]]"
646,Scripts > Edit Player > Other > Blinking Form Arrow,Blinking Form Arrow,PLAYER_FIELD,0x146,Binary,1,7,1,staminaBar,staminaBar,1,true,OFFSET,CANDIDATE,CANDIDATE,25005,1,25005,,0,0,"[[0,25005]]"
645,Scripts > Edit Player > Other > Form Arrow,Form Arrow,PLAYER_FIELD,0x147,Binary,1,0,3,currentFormArrow,currentFormArrow,1,true,OFFSET,CANDIDATE,CANDIDATE,25005,1,0,,2,2,"[[2,25005]]"
541,Scripts > Edit Player > Other > Period Unavailable (days),Period Unavailable (days),PLAYER_FIELD,0x148,Byte,1,,,unavailableDays,unavailableDays,1,true,OFFSET,CANDIDATE,CANDIDATE,25005,1,25005,0,0,0,"[[0,25005]]"
545,Scripts > Edit Player > Other > Is Transfer Listed,Is Transfer Listed,PLAYER_FIELD,0x14A,Binary,1,1,1,transferFlags,transferFlags,1,true,OFFSET,CANDIDATE,CANDIDATE,25005,1,25005,,0,0,"[[0,25005]]"
546,Scripts > Edit Player > Other > Is Loan Listed,Is Loan Listed,PLAYER_FIELD,0x14A,Binary,1,2,1,transferFlags,transferFlags,1,true,OFFSET,CANDIDATE,CANDIDATE,25005,1,25005,,0,0,"[[0,25005]]"
196,Scripts > Edit Player > Team Role > Team Role,Team Role,PLAYER_FIELD,0x150,Binary,1,0,5,teamRole,teamRole,1,true,OFFSET,CANDIDATE,CANDIDATE,25005,1,25005,,0,0,"[[0,25005]]"
516,Scripts > Edit Player > Team Role > Team Player - Lone Wolf,Team Player - Lone Wolf,PLAYER_FIELD,0x151,Byte,1,,,personalityAxes,personalityAxes,4,false,OFFSET,CANDIDATE,CANDIDATE,25005,1,25005,0,0,0,"[[0,25005]]"
519,Scripts > Edit Player > Team Role > Passion - Composure,Passion - Composure,PLAYER_FIELD,0x152,Byte,1,,,,,,UNKNOWN,NO_PROFILE_MATCH,UNKNOWN,CANDIDATE,25005,1,25005,0,0,0,"[[0,25005]]"
521,Scripts > Edit Player > Team Role > Technique - Strength,Technique - Strength,PLAYER_FIELD,0x153,Byte,1,,,,,,UNKNOWN,NO_PROFILE_MATCH,UNKNOWN,CANDIDATE,25005,1,25005,0,0,0,"[[0,25005]]"
520,Scripts > Edit Player > Team Role > Insight - Instinct,Insight - Instinct,PLAYER_FIELD,0x154,Byte,1,,,,,,UNKNOWN,NO_PROFILE_MATCH,UNKNOWN,CANDIDATE,25005,1,25005,0,0,0,"[[0,25005]]"
518,Scripts > Edit Player > Team Role > Impact,Impact,PLAYER_FIELD,0x155,Byte,1,,,impact,impact,1,true,OFFSET,CANDIDATE,CANDIDATE,25005,1,25005,0,0,0,"[[0,25005]]"
536,Scripts > Edit Player > Contract > Annual Salary > Salary (Euro),Salary (Euro),PLAYER_FIELD,0x15C,4 Bytes,4,,,annualSalary,annualSalary,4,true,OFFSET,CANDIDATE,CANDIDATE,25005,1,25005,0,0,0,"[[0,25005]]"
630,Scripts > Edit Player > Other > Market Value (Euro),Market Value (Euro),PLAYER_FIELD,0x174,4 Bytes,4,,,marketValue,marketValue,4,true,OFFSET,CANDIDATE,CANDIDATE,25005,99,23305,0,0,1200000,"[[0,23305],[1000,172],[2000,94],[3000,93],[4000,91]]"
633,Scripts > Edit Player > Other > Market Value (Euro) > ?,?,PLAYER_FIELD,0x178,Byte,1,,,unknown_178,unknown_178,1,true,OFFSET,UNKNOWN,UNKNOWN,25005,1,25005,0,0,0,"[[0,25005]]"
631,Scripts > Edit Player > Other > Market Value (Euro) > ?,?,PLAYER_FIELD,0x179,Byte,1,,,unknown_179,unknown_179,1,true,OFFSET,UNKNOWN,UNKNOWN,25005,1,25005,0,0,0,"[[0,25005]]"
12,Scripts > Edit Player > Better Don't change :) > end (start+17C),end (start+17C),BOUNDARY_MARKER,0x17C,8 Bytes,8,,,,,,UNKNOWN,NO_PROFILE_MATCH,UNKNOWN,NOT_A_FIELD,0,0,0,0,,,[]
