offset_decimal,offset_hex,byte_state,profile_fields,ct_labels,distinct_byte_values,zero_count,ff_count,minimum,maximum,top_values
0,0x000,PROFILE_CONFIRMED,height,Height (cm),53,0,0,130,210,"[[180,2013],[178,1537],[185,1439],[175,1405],[183,1316]]"
1,0x001,PROFILE_CONFIRMED,weight,Weight (kg),59,0,0,50,129,"[[70,2369],[78,2233],[72,1828],[75,1727],[80,1333]]"
2,0x002,UNLABELLED,,,213,4308,0,0,253,"[[0,4308],[1,2798],[162,1306],[5,749],[90,540]]"
3,0x003,LABELLED_UNKNOWN,,Offensive Awareness;Stronger Foot,105,0,0,40,223,"[[75,1027],[40,1016],[65,927],[70,895],[76,722]]"
4,0x004,LABELLED_UNKNOWN,,Defensive Awareness;GK Awareness,102,0,0,40,216,"[[50,1101],[75,1076],[70,849],[52,828],[65,775]]"
5,0x005,LABELLED_UNKNOWN,,Dribbling;GK Awareness,108,0,0,20,240,"[[20,5844],[148,5580],[212,5558],[84,5141],[39,134]]"
6,0x006,LABELLED_UNKNOWN,,Ball Control;Dribbling,110,0,0,10,247,"[[114,881],[209,821],[113,709],[50,702],[17,698]]"
7,0x007,LABELLED_UNKNOWN,,Ball Control;Registred Position,80,0,0,5,203,"[[24,2526],[89,1775],[201,1644],[6,1400],[200,1245]]"
8,0x008,LABELLED_UNKNOWN,,Finishing;Tight Possession,110,0,0,40,223,"[[70,891],[203,844],[75,843],[198,823],[73,636]]"
9,0x009,LABELLED_UNKNOWN,,Finishing;Low Pass,107,0,0,20,238,"[[20,628],[229,515],[158,510],[148,504],[222,492]]"
10,0x00A,LABELLED_UNKNOWN,,Lofted Pass;Low Pass,106,0,0,10,245,"[[114,1117],[209,999],[50,794],[82,775],[210,746]]"
11,0x00B,LABELLED_UNKNOWN,,Lofted Pass,67,0,0,5,155,"[[8,4555],[9,3585],[7,2444],[40,1081],[41,990]]"
12,0x00C,LABELLED_UNKNOWN,,Ball Winning;Heading,106,0,0,40,221,"[[188,1474],[60,1448],[198,904],[70,850],[65,709]]"
13,0x00D,LABELLED_UNKNOWN,,Aggression;Ball Winning,108,0,0,20,239,"[[217,667],[153,550],[163,514],[37,470],[35,458]]"
14,0x00E,LABELLED_UNKNOWN,,Aggression;Place Kicking,112,0,0,10,247,"[[144,550],[208,522],[145,506],[81,500],[210,490]]"
15,0x00F,LABELLED_UNKNOWN,,Place Kicking,63,0,0,5,155,"[[7,4549],[8,4032],[6,2467],[39,1166],[9,1159]]"
16,0x010,LABELLED_UNKNOWN,,Curl;GK Catching,96,0,0,40,212,"[[65,1711],[67,1368],[66,1342],[70,1333],[68,1326]]"
17,0x011,LABELLED_UNKNOWN,,GK Catching;GK Clearing,90,0,0,20,237,"[[20,22169],[40,130],[231,117],[167,105],[232,98]]"
18,0x012,LABELLED_UNKNOWN,,GK Clearing;GK Reflexes,91,0,0,10,247,"[[10,22217],[243,132],[211,127],[19,119],[84,119]]"
19,0x013,LABELLED_UNKNOWN,,GK Reflexes,38,0,0,5,149,"[[5,18611],[10,1179],[9,998],[37,915],[53,680]]"
20,0x014,LABELLED_UNKNOWN,,GK Reach;Speed,96,0,0,40,223,"[[40,11513],[168,10708],[80,133],[208,132],[207,123]]"
21,0x015,LABELLED_UNKNOWN,,Physical Contact;Speed,107,0,0,20,240,"[[229,895],[230,895],[37,892],[166,857],[38,851]]"
22,0x016,LABELLED_UNKNOWN,,Balance;Physical Contact,99,0,0,10,248,"[[145,779],[147,763],[146,731],[210,719],[209,679]]"
23,0x017,LABELLED_UNKNOWN,,Balance;Form,54,0,0,5,123,"[[57,5172],[56,4402],[73,2856],[72,2564],[55,1568]]"
24,0x018,LABELLED_UNKNOWN,,Acceleration;Kicking Power,91,0,0,40,225,"[[75,1223],[203,1196],[70,983],[72,952],[198,902]]"
25,0x019,LABELLED_UNKNOWN,,Acceleration;Jump,115,0,0,20,241,"[[166,805],[37,788],[38,775],[229,753],[165,751]]"
26,0x01A,LABELLED_UNKNOWN,,Jump;Stamina,102,0,0,10,248,"[[17,1073],[20,980],[16,962],[18,942],[19,901]]"
27,0x01B,LABELLED_UNKNOWN,,Stamina;Trickster,94,0,0,5,250,"[[25,4470],[41,3188],[26,2622],[24,2045],[42,1767]]"
28,0x01C,LABELLED_UNKNOWN,,Age,121,0,0,15,242,"[[22,1627],[23,1611],[25,1557],[24,1518],[21,1513]]"
29,0x01D,LABELLED_UNKNOWN,,Playing Style,110,1057,0,0,172,"[[88,2048],[72,1960],[120,1814],[8,1625],[32,1589]]"
30,0x01E,UNLABELLED,,,99,10012,0,0,228,"[[0,10012],[18,1920],[1,1736],[9,1625],[2,1501]]"
31,0x01F,LABELLED_UNKNOWN,,CF - Center Forward;LWF - Left Wing Forward;Mazing Run;SS - Second Striker,106,13751,0,0,213,"[[0,13751],[64,858],[12,833],[128,810],[80,731]]"
32,0x020,LABELLED_UNKNOWN,,AMF - Attacking Midfielder;CMF - Center Midfielder;DMF - Defensive Midfielder;RWF - Right Wing Forward,75,10614,0,0,170,"[[0,10614],[2,2558],[160,1491],[10,1187],[164,873]]"
33,0x021,LABELLED_UNKNOWN,,CB - Center Back;LB - Left Back;LMF - Left Midfielder;RMF - Right Midfielder,77,9681,0,0,170,"[[0,9681],[32,3520],[10,2731],[4,948],[5,848]]"
34,0x022,LABELLED_UNKNOWN,,GK - Goalkeeper;Injury Resistance;RB - Right Back;Weak Foot Accuracy,50,296,0,0,184,"[[80,8996],[96,2953],[88,1643],[82,1569],[160,1435]]"
35,0x023,LABELLED_UNKNOWN,,Incisive Run;Speeding Bullet;Weak Foot Usage,152,1034,0,0,235,"[[1,8643],[5,3991],[2,2178],[0,1034],[65,817]]"
36,0x024,LABELLED_UNKNOWN,,Cut Behind & Turn;Early Cross;Flip Flap;Long Ball Expert;Long Ranger;Marseille Turn;Scissors Feint;Sombrero,177,14014,0,0,252,"[[0,14014],[1,1956],[4,1908],[2,1442],[128,828]]"
37,0x025,LABELLED_UNKNOWN,,Acrobatic Finishing;First-time Shot;Heading;Heel Trick;Knuckle Shot;Long Range Drive;One-touch Pass;Scotch Move,163,15695,0,0,252,"[[0,15695],[2,1985],[128,1400],[64,855],[4,504]]"
38,0x026,LABELLED_UNKNOWN,,GK Long Throw;GK Low Punt;Long Throw;Low Lofted Pass;Outside Curler;Pinpoint Crossing;Rabona;Weighted Pass,54,18318,0,0,176,"[[0,18318],[2,900],[1,888],[64,779],[4,677]]"
39,0x027,LABELLED_UNKNOWN,,Acrobatic Clear;Captaincy;Fighting Spirit;Gamesmanship;Man Marking;No Look Pass;Super-Sub;Track Back,103,14935,0,0,225,"[[0,14935],[1,1793],[64,1632],[2,739],[16,676]]"
40,0x028,LABELLED_UNKNOWN,,Chip shot control;Dipping Shot;GK High Punt;GK Penalty Saver;Interception;Penalty Specialist;Rising Shots;Step On Skill control,63,15321,0,0,194,"[[0,15321],[128,3092],[8,1247],[32,1026],[16,690]]"
41,0x029,LABELLED_UNKNOWN,,Cross Over Turn;Double Touch;Long Range Shooting;Through Passing,16,19907,0,0,15,"[[0,19907],[1,1165],[8,1096],[4,1054],[2,493]]"
42,0x02A,UNLABELLED,,,1,25005,0,0,0,"[[0,25005]]"
43,0x02B,UNLABELLED,,,1,25005,0,0,0,"[[0,25005]]"
44,0x02C,UNLABELLED,,,1,25005,0,0,0,"[[0,25005]]"
45,0x02D,UNLABELLED,,,1,25005,0,0,0,"[[0,25005]]"
46,0x02E,UNLABELLED,,,1,25005,0,0,0,"[[0,25005]]"
47,0x02F,UNLABELLED,,,1,25005,0,0,0,"[[0,25005]]"
48,0x030,PROFILE_CONFIRMED,playerId,Player ID,256,102,95,0,255,"[[155,119],[168,115],[169,114],[205,113],[93,113]]"
49,0x031,PROFILE_CONFIRMED,playerId,Player ID,220,77,114,0,255,"[[214,389],[227,373],[226,348],[218,308],[217,273]]"
50,0x032,PROFILE_CONFIRMED,playerId,Player ID,22,6773,0,0,129,"[[1,10414],[0,6773],[2,6015],[4,607],[6,588]]"
51,0x033,PROFILE_CONFIRMED,playerId,Player ID,3,24013,0,0,128,"[[0,24013],[64,989],[128,3]]"
52,0x034,PROFILE_CANDIDATE,commentaryId,Commentary ID,256,81,3574,0,255,"[[255,3574],[197,147],[148,127],[38,125],[40,125]]"
53,0x035,PROFILE_CANDIDATE,commentaryId,Commentary ID,240,85,3585,0,255,"[[255,3585],[214,248],[179,248],[248,244],[227,238]]"
54,0x036,PROFILE_CANDIDATE,commentaryId,Commentary ID,10,6990,3487,0,255,"[[1,9314],[0,6990],[2,4691],[255,3487],[6,192]]"
55,0x037,PROFILE_CANDIDATE,commentaryId,Commentary ID,4,19989,3487,0,255,"[[0,19989],[255,3487],[64,803],[128,726]]"
56,0x038,PROFILE_CONFIRMED,playerName,Player Name,29,0,0,65,197,"[[77,2584],[65,2500],[74,2339],[76,1575],[82,1453]]"
57,0x039,PROFILE_CONFIRMED,playerName,Player Name,54,0,0,39,196,"[[97,6100],[111,2750],[101,2631],[105,2475],[117,2111]]"
58,0x03A,PROFILE_CONFIRMED,playerName,Player Name,58,8,0,0,197,"[[114,2325],[32,2226],[110,2148],[97,1890],[105,1560]]"
59,0x03B,PROFILE_CONFIRMED,playerName,Player Name,76,24,0,0,197,"[[97,2703],[105,2561],[110,2036],[114,1711],[101,1460]]"
60,0x03C,PROFILE_CONFIRMED,playerName,Player Name,86,213,0,0,197,"[[32,3297],[97,2657],[111,2385],[101,2283],[105,2177]]"
61,0x03D,PROFILE_CONFIRMED,playerName,Player Name,85,534,0,0,197,"[[32,5152],[110,1950],[97,1507],[101,1334],[105,1332]]"
62,0x03E,PROFILE_CONFIRMED,playerName,Player Name,90,983,0,0,197,"[[32,4576],[111,2252],[97,1825],[110,1324],[105,1180]]"
63,0x03F,PROFILE_CONFIRMED,playerName,Player Name,92,1624,0,0,197,"[[32,3852],[97,2126],[111,1811],[0,1624],[101,1392]]"
64,0x040,PROFILE_CONFIRMED,playerName,Player Name,96,2297,0,0,197,"[[0,2297],[97,2256],[32,1923],[111,1548],[114,1522]]"
65,0x041,PROFILE_CONFIRMED,playerName,Player Name,92,3373,0,0,197,"[[0,3373],[97,2506],[101,1874],[111,1594],[114,1570]]"
66,0x042,PROFILE_CONFIRMED,playerName,Player Name,91,4926,0,0,197,"[[0,4926],[97,2309],[101,1758],[114,1630],[105,1428]]"
67,0x043,PROFILE_CONFIRMED,playerName,Player Name,96,7433,0,0,197,"[[0,7433],[97,2011],[101,1588],[114,1412],[105,1342]]"
68,0x044,PROFILE_CONFIRMED,playerName,Player Name,85,10579,0,0,197,"[[0,10579],[97,1752],[101,1406],[105,1166],[111,1123]]"
69,0x045,PROFILE_CONFIRMED,playerName,Player Name,90,13865,0,0,197,"[[0,13865],[97,1349],[101,1070],[111,921],[105,914]]"
70,0x046,PROFILE_CONFIRMED,playerName,Player Name,80,17128,0,0,197,"[[0,17128],[97,912],[101,811],[105,712],[111,661]]"
71,0x047,PROFILE_CONFIRMED,playerName,,76,19818,0,0,197,"[[0,19818],[97,645],[105,498],[101,492],[111,458]]"
72,0x048,PROFILE_CONFIRMED,playerName,,68,21817,0,0,197,"[[0,21817],[97,363],[101,349],[105,322],[110,248]]"
73,0x049,PROFILE_CONFIRMED,playerName,,62,23039,0,0,197,"[[0,23039],[105,227],[97,219],[101,206],[110,164]]"
74,0x04A,PROFILE_CONFIRMED,playerName,,60,23914,0,0,197,"[[0,23914],[105,147],[97,121],[110,93],[101,92]]"
75,0x04B,PROFILE_CONFIRMED,playerName,,42,24406,0,0,196,"[[0,24406],[105,71],[101,58],[97,58],[110,47]]"
76,0x04C,PROFILE_CONFIRMED,playerName,,34,24678,0,0,195,"[[0,24678],[111,33],[105,33],[115,32],[97,29]]"
77,0x04D,PROFILE_CONFIRMED,playerName,,31,24819,0,0,196,"[[0,24819],[105,27],[97,23],[111,19],[115,17]]"
78,0x04E,PROFILE_CONFIRMED,playerName,,24,24893,0,0,196,"[[0,24893],[110,17],[97,13],[101,12],[105,12]]"
79,0x04F,PROFILE_CONFIRMED,playerName,,23,24943,0,0,196,"[[0,24943],[115,9],[110,8],[101,6],[111,5]]"
80,0x050,PROFILE_CONFIRMED,playerName,,14,24970,0,0,169,"[[0,24970],[115,6],[32,5],[97,5],[105,4]]"
81,0x051,PROFILE_CONFIRMED,playerName,,10,24990,0,0,117,"[[0,24990],[110,6],[115,2],[32,1],[111,1]]"
82,0x052,PROFILE_CONFIRMED,playerName,,7,24998,0,0,111,"[[0,24998],[97,2],[101,1],[104,1],[111,1]]"
83,0x053,PROFILE_CONFIRMED,playerName,,4,25002,0,0,115,"[[0,25002],[105,1],[109,1],[115,1]]"
84,0x054,PROFILE_CONFIRMED,playerName,,3,25003,0,0,115,"[[0,25003],[112,1],[115,1]]"
85,0x055,PROFILE_CONFIRMED,playerName,,2,25004,0,0,111,"[[0,25004],[111,1]]"
86,0x056,PROFILE_CONFIRMED,playerName,,2,25004,0,0,110,"[[0,25004],[110,1]]"
87,0x057,PROFILE_CONFIRMED,playerName,,1,25005,0,0,0,"[[0,25005]]"
88,0x058,PROFILE_CONFIRMED,playerName,,1,25005,0,0,0,"[[0,25005]]"
89,0x059,PROFILE_CONFIRMED,playerName,,1,25005,0,0,0,"[[0,25005]]"
90,0x05A,PROFILE_CONFIRMED,playerName,,1,25005,0,0,0,"[[0,25005]]"
91,0x05B,PROFILE_CONFIRMED,playerName,,1,25005,0,0,0,"[[0,25005]]"
92,0x05C,PROFILE_CONFIRMED,playerName,,1,25005,0,0,0,"[[0,25005]]"
93,0x05D,PROFILE_CONFIRMED,playerName,,1,25005,0,0,0,"[[0,25005]]"
94,0x05E,PROFILE_CONFIRMED,playerName,,1,25005,0,0,0,"[[0,25005]]"
95,0x05F,PROFILE_CONFIRMED,playerName,,1,25005,0,0,0,"[[0,25005]]"
96,0x060,PROFILE_CONFIRMED,playerName,,1,25005,0,0,0,"[[0,25005]]"
97,0x061,PROFILE_CONFIRMED,playerName,,1,25005,0,0,0,"[[0,25005]]"
98,0x062,PROFILE_CONFIRMED,playerName,,1,25005,0,0,0,"[[0,25005]]"
99,0x063,PROFILE_CONFIRMED,playerName,,1,25005,0,0,0,"[[0,25005]]"
100,0x064,PROFILE_CONFIRMED,playerName,,1,25005,0,0,0,"[[0,25005]]"
101,0x065,PROFILE_CONFIRMED,playerName,,1,25005,0,0,0,"[[0,25005]]"
102,0x066,PROFILE_CONFIRMED,playerName,,1,25005,0,0,0,"[[0,25005]]"
103,0x067,PROFILE_CONFIRMED,playerName,,1,25005,0,0,0,"[[0,25005]]"
104,0x068,PROFILE_CONFIRMED,playerName,,1,25005,0,0,0,"[[0,25005]]"
105,0x069,PROFILE_CONFIRMED,playerName,,1,25005,0,0,0,"[[0,25005]]"
106,0x06A,PROFILE_CONFIRMED,playerName,,1,25005,0,0,0,"[[0,25005]]"
107,0x06B,PROFILE_CONFIRMED,playerName,,1,25005,0,0,0,"[[0,25005]]"
108,0x06C,PROFILE_CONFIRMED,playerName,,1,25005,0,0,0,"[[0,25005]]"
109,0x06D,PROFILE_CONFIRMED,playerName,,1,25005,0,0,0,"[[0,25005]]"
110,0x06E,PROFILE_CONFIRMED,playerName,,1,25005,0,0,0,"[[0,25005]]"
111,0x06F,PROFILE_CONFIRMED,playerName,,1,25005,0,0,0,"[[0,25005]]"
112,0x070,PROFILE_CONFIRMED,playerName,,1,25005,0,0,0,"[[0,25005]]"
113,0x071,PROFILE_CONFIRMED,playerName,,1,25005,0,0,0,"[[0,25005]]"
114,0x072,PROFILE_CONFIRMED,playerName,,1,25005,0,0,0,"[[0,25005]]"
115,0x073,PROFILE_CONFIRMED,playerName,,1,25005,0,0,0,"[[0,25005]]"
116,0x074,PROFILE_CONFIRMED,playerName,,1,25005,0,0,0,"[[0,25005]]"
117,0x075,PROFILE_CANDIDATE,clubShirtName,Name on Strip (Club),30,0,0,32,197,"[[77,2386],[65,2075],[83,1691],[66,1629],[67,1506]]"
118,0x076,PROFILE_CANDIDATE,clubShirtName,Name on Strip (Club),51,0,0,32,197,"[[65,6036],[79,3163],[69,3000],[73,2293],[85,2073]]"
119,0x077,PROFILE_CANDIDATE,clubShirtName,Name on Strip (Club),54,27,0,0,197,"[[82,2642],[78,2268],[32,2052],[65,1823],[76,1665]]"
120,0x078,PROFILE_CANDIDATE,clubShirtName,Name on Strip (Club),61,216,0,0,197,"[[65,2840],[73,1974],[82,1963],[69,1741],[78,1703]]"
121,0x079,PROFILE_CANDIDATE,clubShirtName,Name on Strip (Club),61,1647,0,0,197,"[[65,2973],[69,2832],[79,2272],[73,2145],[0,1647]]"
122,0x07A,PROFILE_CANDIDATE,clubShirtName,Name on Strip (Club),61,4706,0,0,197,"[[0,4706],[65,1912],[78,1818],[82,1714],[69,1692]]"
123,0x07B,PROFILE_CANDIDATE,clubShirtName,Name on Strip (Club),59,8745,0,0,197,"[[0,8745],[65,1760],[79,1673],[78,1306],[73,1216]]"
124,0x07C,PROFILE_CANDIDATE,clubShirtName,Name on Strip (Club),62,12996,0,0,197,"[[0,12996],[65,1427],[79,1113],[69,1099],[73,1028]]"
125,0x07D,PROFILE_CANDIDATE,clubShirtName,Name on Strip (Club),58,16527,0,0,197,"[[0,16527],[69,774],[65,764],[78,725],[73,706]]"
126,0x07E,PROFILE_CANDIDATE,clubShirtName,Name on Strip (Club),55,19057,0,0,197,"[[0,19057],[65,671],[73,544],[69,525],[79,504]]"
127,0x07F,PROFILE_CANDIDATE,clubShirtName,Name on Strip (Club),59,20942,0,0,197,"[[0,20942],[65,490],[69,435],[73,374],[79,352]]"
128,0x080,PROFILE_CANDIDATE,clubShirtName,Name on Strip (Club),54,22297,0,0,197,"[[0,22297],[65,299],[69,293],[73,230],[79,227]]"
129,0x081,PROFILE_CANDIDATE,clubShirtName,Name on Strip (Club),49,23277,0,0,197,"[[0,23277],[65,201],[79,179],[69,175],[73,152]]"
130,0x082,PROFILE_CANDIDATE,clubShirtName,Name on Strip (Club),44,24029,0,0,197,"[[0,24029],[65,125],[79,111],[69,107],[83,83]]"
131,0x083,PROFILE_CANDIDATE,clubShirtName,Name on Strip (Club),36,24503,0,0,195,"[[0,24503],[65,55],[79,51],[69,51],[73,45]]"
132,0x084,PROFILE_CANDIDATE,clubShirtName,,28,24796,0,0,197,"[[0,24796],[65,39],[69,30],[73,19],[82,18]]"
133,0x085,PROFILE_CANDIDATE,clubShirtName,,22,24913,0,0,195,"[[0,24913],[90,12],[79,12],[83,10],[69,10]]"
134,0x086,PROFILE_CANDIDATE,clubShirtName,,14,24974,0,0,195,"[[0,24974],[83,7],[65,7],[90,5],[78,3]]"
135,0x087,PROFILE_CANDIDATE,clubShirtName,,7,24996,0,0,156,"[[0,24996],[79,3],[73,2],[90,1],[156,1]]"
136,0x088,PROFILE_CANDIDATE,clubShirtName,,3,25003,0,0,90,"[[0,25003],[86,1],[90,1]]"
137,0x089,PROFILE_CANDIDATE,clubShirtName,,1,25005,0,0,0,"[[0,25005]]"
138,0x08A,PROFILE_CANDIDATE,clubShirtName,,1,25005,0,0,0,"[[0,25005]]"
139,0x08B,PROFILE_CANDIDATE,clubShirtName,,1,25005,0,0,0,"[[0,25005]]"
140,0x08C,PROFILE_CANDIDATE,clubShirtName,,1,25005,0,0,0,"[[0,25005]]"
141,0x08D,PROFILE_CANDIDATE,clubShirtName,,1,25005,0,0,0,"[[0,25005]]"
142,0x08E,PROFILE_CANDIDATE,clubShirtName,,1,25005,0,0,0,"[[0,25005]]"
143,0x08F,PROFILE_CANDIDATE,clubShirtName,,1,25005,0,0,0,"[[0,25005]]"
144,0x090,PROFILE_CANDIDATE,clubShirtName,,1,25005,0,0,0,"[[0,25005]]"
145,0x091,PROFILE_CANDIDATE,clubShirtName,,1,25005,0,0,0,"[[0,25005]]"
146,0x092,PROFILE_CANDIDATE,clubShirtName,,1,25005,0,0,0,"[[0,25005]]"
147,0x093,PROFILE_CANDIDATE,clubShirtName,,1,25005,0,0,0,"[[0,25005]]"
148,0x094,PROFILE_CANDIDATE,clubShirtName,,1,25005,0,0,0,"[[0,25005]]"
149,0x095,PROFILE_CANDIDATE,clubShirtName,,1,25005,0,0,0,"[[0,25005]]"
150,0x096,PROFILE_CANDIDATE,clubShirtName,,1,25005,0,0,0,"[[0,25005]]"
151,0x097,PROFILE_CANDIDATE,clubShirtName,,1,25005,0,0,0,"[[0,25005]]"
152,0x098,PROFILE_CANDIDATE,clubShirtName,,1,25005,0,0,0,"[[0,25005]]"
153,0x099,PROFILE_CANDIDATE,clubShirtName,,1,25005,0,0,0,"[[0,25005]]"
154,0x09A,PROFILE_CANDIDATE,clubShirtName,,1,25005,0,0,0,"[[0,25005]]"
155,0x09B,PROFILE_CANDIDATE,clubShirtName,,1,25005,0,0,0,"[[0,25005]]"
156,0x09C,PROFILE_CANDIDATE,clubShirtName,,1,25005,0,0,0,"[[0,25005]]"
157,0x09D,PROFILE_CANDIDATE,clubShirtName,,1,25005,0,0,0,"[[0,25005]]"
158,0x09E,PROFILE_CANDIDATE,clubShirtName,,1,25005,0,0,0,"[[0,25005]]"
159,0x09F,PROFILE_CANDIDATE,clubShirtName,,1,25005,0,0,0,"[[0,25005]]"
160,0x0A0,PROFILE_CANDIDATE,clubShirtName,,1,25005,0,0,0,"[[0,25005]]"
161,0x0A1,PROFILE_CANDIDATE,clubShirtName,,1,25005,0,0,0,"[[0,25005]]"
162,0x0A2,PROFILE_CANDIDATE,clubShirtName,,1,25005,0,0,0,"[[0,25005]]"
163,0x0A3,PROFILE_CANDIDATE,clubShirtName,,1,25005,0,0,0,"[[0,25005]]"
164,0x0A4,PROFILE_CANDIDATE,clubShirtName,,1,25005,0,0,0,"[[0,25005]]"
165,0x0A5,PROFILE_CANDIDATE,clubShirtName,,1,25005,0,0,0,"[[0,25005]]"
166,0x0A6,PROFILE_CANDIDATE,clubShirtName,,1,25005,0,0,0,"[[0,25005]]"
167,0x0A7,PROFILE_CANDIDATE,clubShirtName,,1,25005,0,0,0,"[[0,25005]]"
168,0x0A8,PROFILE_CANDIDATE,clubShirtName,,1,25005,0,0,0,"[[0,25005]]"
169,0x0A9,PROFILE_CANDIDATE,clubShirtName,,1,25005,0,0,0,"[[0,25005]]"
170,0x0AA,PROFILE_CANDIDATE,clubShirtName,,1,25005,0,0,0,"[[0,25005]]"
171,0x0AB,PROFILE_CANDIDATE,clubShirtName,,1,25005,0,0,0,"[[0,25005]]"
172,0x0AC,PROFILE_CANDIDATE,clubShirtName,,1,25005,0,0,0,"[[0,25005]]"
173,0x0AD,PROFILE_CANDIDATE,clubShirtName,,1,25005,0,0,0,"[[0,25005]]"
174,0x0AE,PROFILE_CANDIDATE,clubShirtName,,1,25005,0,0,0,"[[0,25005]]"
175,0x0AF,PROFILE_CANDIDATE,clubShirtName,,1,25005,0,0,0,"[[0,25005]]"
176,0x0B0,PROFILE_CANDIDATE,clubShirtName,,1,25005,0,0,0,"[[0,25005]]"
177,0x0B1,PROFILE_CANDIDATE,clubShirtName,,1,25005,0,0,0,"[[0,25005]]"
178,0x0B2,PROFILE_CANDIDATE,nationalShirtName,Name on Strip (National Team),31,4100,0,0,197,"[[0,4100],[77,1999],[65,1753],[66,1399],[83,1390]]"
179,0x0B3,PROFILE_CANDIDATE,nationalShirtName,Name on Strip (National Team),52,4100,0,0,197,"[[65,5128],[0,4100],[79,2697],[69,2599],[73,1867]]"
180,0x0B4,PROFILE_CANDIDATE,nationalShirtName,Name on Strip (National Team),54,4123,0,0,197,"[[0,4123],[82,2253],[78,1812],[32,1540],[65,1487]]"
181,0x0B5,PROFILE_CANDIDATE,nationalShirtName,Name on Strip (National Team),58,4299,0,0,197,"[[0,4299],[65,2446],[82,1738],[73,1690],[69,1474]]"
182,0x0B6,PROFILE_CANDIDATE,nationalShirtName,Name on Strip (National Team),61,5567,0,0,197,"[[0,5567],[65,2531],[69,2443],[79,1935],[73,1845]]"
183,0x0B7,PROFILE_CANDIDATE,nationalShirtName,Name on Strip (National Team),63,8249,0,0,197,"[[0,8249],[65,1617],[78,1525],[82,1465],[69,1436]]"
184,0x0B8,PROFILE_CANDIDATE,nationalShirtName,Name on Strip (National Team),58,11727,0,0,197,"[[0,11727],[65,1457],[79,1428],[78,1107],[73,1030]]"
185,0x0B9,PROFILE_CANDIDATE,nationalShirtName,Name on Strip (National Team),60,15347,0,0,197,"[[0,15347],[65,1181],[69,931],[79,925],[73,873]]"
186,0x0BA,PROFILE_CANDIDATE,nationalShirtName,Name on Strip (National Team),53,18226,0,0,196,"[[0,18226],[69,653],[65,621],[73,604],[78,584]]"
187,0x0BB,PROFILE_CANDIDATE,nationalShirtName,Name on Strip (National Team),52,20266,0,0,197,"[[0,20266],[65,520],[73,442],[69,428],[79,417]]"
188,0x0BC,PROFILE_CANDIDATE,nationalShirtName,Name on Strip (National Team),53,21787,0,0,197,"[[0,21787],[65,383],[69,359],[73,297],[79,288]]"
189,0x0BD,PROFILE_CANDIDATE,nationalShirtName,Name on Strip (National Team),51,22889,0,0,197,"[[0,22889],[65,237],[69,234],[73,177],[79,176]]"
190,0x0BE,PROFILE_CANDIDATE,nationalShirtName,Name on Strip (National Team),49,23648,0,0,197,"[[0,23648],[79,153],[65,142],[69,142],[73,119]]"
191,0x0BF,PROFILE_CANDIDATE,nationalShirtName,Name on Strip (National Team),41,24243,0,0,197,"[[0,24243],[65,93],[79,91],[69,83],[83,74]]"
192,0x0C0,PROFILE_CANDIDATE,nationalShirtName,Name on Strip (National Team),34,24617,0,0,195,"[[0,24617],[79,46],[65,45],[69,41],[82,32]]"
193,0x0C1,PROFILE_CANDIDATE,nationalShirtName,,25,24831,0,0,197,"[[0,24831],[65,29],[69,24],[73,19],[82,15]]"
194,0x0C2,PROFILE_CANDIDATE,nationalShirtName,,19,24933,0,0,195,"[[0,24933],[83,10],[73,9],[90,8],[69,8]]"
195,0x0C3,PROFILE_CANDIDATE,nationalShirtName,,13,24979,0,0,195,"[[0,24979],[65,7],[83,6],[90,3],[78,2]]"
196,0x0C4,PROFILE_CANDIDATE,nationalShirtName,,6,24997,0,0,156,"[[0,24997],[79,3],[73,2],[90,1],[156,1]]"
197,0x0C5,PROFILE_CANDIDATE,nationalShirtName,,3,25003,0,0,90,"[[0,25003],[86,1],[90,1]]"
198,0x0C6,PROFILE_CANDIDATE,nationalShirtName,,1,25005,0,0,0,"[[0,25005]]"
199,0x0C7,PROFILE_CANDIDATE,nationalShirtName,,1,25005,0,0,0,"[[0,25005]]"
200,0x0C8,PROFILE_CANDIDATE,nationalShirtName,,1,25005,0,0,0,"[[0,25005]]"
201,0x0C9,PROFILE_CANDIDATE,nationalShirtName,,1,25005,0,0,0,"[[0,25005]]"
202,0x0CA,PROFILE_CANDIDATE,nationalShirtName,,1,25005,0,0,0,"[[0,25005]]"
203,0x0CB,PROFILE_CANDIDATE,nationalShirtName,,1,25005,0,0,0,"[[0,25005]]"
204,0x0CC,PROFILE_CANDIDATE,nationalShirtName,,1,25005,0,0,0,"[[0,25005]]"
205,0x0CD,PROFILE_CANDIDATE,nationalShirtName,,1,25005,0,0,0,"[[0,25005]]"
206,0x0CE,PROFILE_CANDIDATE,nationalShirtName,,1,25005,0,0,0,"[[0,25005]]"
207,0x0CF,PROFILE_CANDIDATE,nationalShirtName,,1,25005,0,0,0,"[[0,25005]]"
208,0x0D0,PROFILE_CANDIDATE,nationalShirtName,,1,25005,0,0,0,"[[0,25005]]"
209,0x0D1,PROFILE_CANDIDATE,nationalShirtName,,1,25005,0,0,0,"[[0,25005]]"
210,0x0D2,PROFILE_CANDIDATE,nationalShirtName,,1,25005,0,0,0,"[[0,25005]]"
211,0x0D3,PROFILE_CANDIDATE,nationalShirtName,,1,25005,0,0,0,"[[0,25005]]"
212,0x0D4,PROFILE_CANDIDATE,nationalShirtName,,1,25005,0,0,0,"[[0,25005]]"
213,0x0D5,PROFILE_CANDIDATE,nationalShirtName,,1,25005,0,0,0,"[[0,25005]]"
214,0x0D6,PROFILE_CANDIDATE,nationalShirtName,,1,25005,0,0,0,"[[0,25005]]"
215,0x0D7,PROFILE_CANDIDATE,nationalShirtName,,1,25005,0,0,0,"[[0,25005]]"
216,0x0D8,PROFILE_CANDIDATE,nationalShirtName,,1,25005,0,0,0,"[[0,25005]]"
217,0x0D9,PROFILE_CANDIDATE,nationalShirtName,,1,25005,0,0,0,"[[0,25005]]"
218,0x0DA,PROFILE_CANDIDATE,nationalShirtName,,1,25005,0,0,0,"[[0,25005]]"
219,0x0DB,PROFILE_CANDIDATE,nationalShirtName,,1,25005,0,0,0,"[[0,25005]]"
220,0x0DC,PROFILE_CANDIDATE,nationalShirtName,,1,25005,0,0,0,"[[0,25005]]"
221,0x0DD,PROFILE_CANDIDATE,nationalShirtName,,1,25005,0,0,0,"[[0,25005]]"
222,0x0DE,PROFILE_CANDIDATE,nationalShirtName,,1,25005,0,0,0,"[[0,25005]]"
223,0x0DF,PROFILE_CANDIDATE,nationalShirtName,,1,25005,0,0,0,"[[0,25005]]"
224,0x0E0,PROFILE_CANDIDATE,nationalShirtName,,1,25005,0,0,0,"[[0,25005]]"
225,0x0E1,PROFILE_CANDIDATE,nationalShirtName,,1,25005,0,0,0,"[[0,25005]]"
226,0x0E2,PROFILE_CANDIDATE,nationalShirtName,,1,25005,0,0,0,"[[0,25005]]"
227,0x0E3,PROFILE_CANDIDATE,nationalShirtName,,1,25005,0,0,0,"[[0,25005]]"
228,0x0E4,PROFILE_CANDIDATE,nationalShirtName,,1,25005,0,0,0,"[[0,25005]]"
229,0x0E5,PROFILE_CANDIDATE,nationalShirtName,,1,25005,0,0,0,"[[0,25005]]"
230,0x0E6,PROFILE_CANDIDATE,nationalShirtName,,1,25005,0,0,0,"[[0,25005]]"
231,0x0E7,PROFILE_CANDIDATE,nationalShirtName,,1,25005,0,0,0,"[[0,25005]]"
232,0x0E8,PROFILE_CANDIDATE,nationalShirtName,,1,25005,0,0,0,"[[0,25005]]"
233,0x0E9,PROFILE_CANDIDATE,nationalShirtName,,1,25005,0,0,0,"[[0,25005]]"
234,0x0EA,PROFILE_CANDIDATE,nationalShirtName,,1,25005,0,0,0,"[[0,25005]]"
235,0x0EB,PROFILE_CANDIDATE,nationalShirtName,,1,25005,0,0,0,"[[0,25005]]"
236,0x0EC,PROFILE_CANDIDATE,nationalShirtName,,1,25005,0,0,0,"[[0,25005]]"
237,0x0ED,PROFILE_CANDIDATE,nationalShirtName,,1,25005,0,0,0,"[[0,25005]]"
238,0x0EE,PROFILE_CANDIDATE,nationalShirtName,,1,25005,0,0,0,"[[0,25005]]"
239,0x0EF,UNLABELLED,,,1,25005,0,0,0,"[[0,25005]]"
240,0x0F0,UNLABELLED,,,1,0,25005,255,255,"[[255,25005]]"
241,0x0F1,UNLABELLED,,,1,0,25005,255,255,"[[255,25005]]"
242,0x0F2,UNLABELLED,,,1,25005,0,0,0,"[[0,25005]]"
243,0x0F3,UNLABELLED,,,1,25005,0,0,0,"[[0,25005]]"
244,0x0F4,UNLABELLED,,,1,0,25005,255,255,"[[255,25005]]"
245,0x0F5,UNLABELLED,,,1,0,25005,255,255,"[[255,25005]]"
246,0x0F6,UNLABELLED,,,1,25005,0,0,0,"[[0,25005]]"
247,0x0F7,UNLABELLED,,,1,25005,0,0,0,"[[0,25005]]"
248,0x0F8,UNLABELLED,,,1,0,25005,255,255,"[[255,25005]]"
249,0x0F9,UNLABELLED,,,1,0,25005,255,255,"[[255,25005]]"
250,0x0FA,UNLABELLED,,,1,25005,0,0,0,"[[0,25005]]"
251,0x0FB,UNLABELLED,,,1,25005,0,0,0,"[[0,25005]]"
252,0x0FC,UNLABELLED,,,1,0,25005,255,255,"[[255,25005]]"
253,0x0FD,UNLABELLED,,,1,0,25005,255,255,"[[255,25005]]"
254,0x0FE,UNLABELLED,,,1,25005,0,0,0,"[[0,25005]]"
255,0x0FF,UNLABELLED,,,1,25005,0,0,0,"[[0,25005]]"
256,0x100,UNLABELLED,,,1,0,25005,255,255,"[[255,25005]]"
257,0x101,UNLABELLED,,,1,0,25005,255,255,"[[255,25005]]"
258,0x102,UNLABELLED,,,1,25005,0,0,0,"[[0,25005]]"
259,0x103,UNLABELLED,,,1,25005,0,0,0,"[[0,25005]]"
260,0x104,UNLABELLED,,,1,0,25005,255,255,"[[255,25005]]"
261,0x105,UNLABELLED,,,1,0,25005,255,255,"[[255,25005]]"
262,0x106,UNLABELLED,,,1,25005,0,0,0,"[[0,25005]]"
263,0x107,UNLABELLED,,,1,25005,0,0,0,"[[0,25005]]"
264,0x108,UNLABELLED,,,1,0,25005,255,255,"[[255,25005]]"
265,0x109,UNLABELLED,,,1,0,25005,255,255,"[[255,25005]]"
266,0x10A,UNLABELLED,,,1,25005,0,0,0,"[[0,25005]]"
267,0x10B,UNLABELLED,,,1,25005,0,0,0,"[[0,25005]]"
268,0x10C,UNLABELLED,,,1,0,25005,255,255,"[[255,25005]]"
269,0x10D,UNLABELLED,,,1,0,25005,255,255,"[[255,25005]]"
270,0x10E,UNLABELLED,,,1,25005,0,0,0,"[[0,25005]]"
271,0x10F,UNLABELLED,,,1,25005,0,0,0,"[[0,25005]]"
272,0x110,UNLABELLED,,,1,0,25005,255,255,"[[255,25005]]"
273,0x111,UNLABELLED,,,1,0,25005,255,255,"[[255,25005]]"
274,0x112,UNLABELLED,,,1,25005,0,0,0,"[[0,25005]]"
275,0x113,UNLABELLED,,,1,25005,0,0,0,"[[0,25005]]"
276,0x114,UNLABELLED,,,1,0,25005,255,255,"[[255,25005]]"
277,0x115,UNLABELLED,,,1,0,25005,255,255,"[[255,25005]]"
278,0x116,UNLABELLED,,,1,25005,0,0,0,"[[0,25005]]"
279,0x117,UNLABELLED,,,1,25005,0,0,0,"[[0,25005]]"
280,0x118,UNLABELLED,,,1,0,25005,255,255,"[[255,25005]]"
281,0x119,UNLABELLED,,,1,0,25005,255,255,"[[255,25005]]"
282,0x11A,UNLABELLED,,,1,25005,0,0,0,"[[0,25005]]"
283,0x11B,UNLABELLED,,,1,25005,0,0,0,"[[0,25005]]"
284,0x11C,UNLABELLED,,,1,0,25005,255,255,"[[255,25005]]"
285,0x11D,UNLABELLED,,,1,0,25005,255,255,"[[255,25005]]"
286,0x11E,UNLABELLED,,,1,25005,0,0,0,"[[0,25005]]"
287,0x11F,UNLABELLED,,,1,25005,0,0,0,"[[0,25005]]"
288,0x120,UNLABELLED,,,1,0,25005,255,255,"[[255,25005]]"
289,0x121,UNLABELLED,,,1,0,25005,255,255,"[[255,25005]]"
290,0x122,UNLABELLED,,,1,25005,0,0,0,"[[0,25005]]"
291,0x123,UNLABELLED,,,1,25005,0,0,0,"[[0,25005]]"
292,0x124,UNLABELLED,,,1,0,25005,255,255,"[[255,25005]]"
293,0x125,UNLABELLED,,,1,0,25005,255,255,"[[255,25005]]"
294,0x126,UNLABELLED,,,1,25005,0,0,0,"[[0,25005]]"
295,0x127,UNLABELLED,,,1,25005,0,0,0,"[[0,25005]]"
296,0x128,UNLABELLED,,,1,0,25005,255,255,"[[255,25005]]"
297,0x129,UNLABELLED,,,1,0,25005,255,255,"[[255,25005]]"
298,0x12A,UNLABELLED,,,1,25005,0,0,0,"[[0,25005]]"
299,0x12B,UNLABELLED,,,1,25005,0,0,0,"[[0,25005]]"
300,0x12C,LABELLED_UNKNOWN,unknown_12c,Team (?),1,0,25005,255,255,"[[255,25005]]"
301,0x12D,LABELLED_UNKNOWN,unknown_12c,Team (?),1,0,25005,255,255,"[[255,25005]]"
302,0x12E,LABELLED_UNKNOWN,unknown_12e,League (?),1,0,25005,255,255,"[[255,25005]]"
303,0x12F,LABELLED_UNKNOWN,unknown_12e,League (?),1,0,25005,255,255,"[[255,25005]]"
304,0x130,UNLABELLED,,,1,0,25005,255,255,"[[255,25005]]"
305,0x131,UNLABELLED,,,1,0,25005,255,255,"[[255,25005]]"
306,0x132,UNLABELLED,,,1,0,25005,255,255,"[[255,25005]]"
307,0x133,UNLABELLED,,,1,0,25005,255,255,"[[255,25005]]"
308,0x134,UNLABELLED,,,1,25005,0,0,0,"[[0,25005]]"
309,0x135,UNLABELLED,,,1,25005,0,0,0,"[[0,25005]]"
310,0x136,UNLABELLED,,,1,25005,0,0,0,"[[0,25005]]"
311,0x137,UNLABELLED,,,1,25005,0,0,0,"[[0,25005]]"
312,0x138,PROFILE_CANDIDATE,contractEndYear,Year,7,0,23478,234,255,"[[255,23478],[234,777],[235,320],[236,229],[237,132]]"
313,0x139,PROFILE_CANDIDATE,contractEndYear,Year,2,0,23478,7,255,"[[255,23478],[7,1527]]"
314,0x13A,PROFILE_CANDIDATE,contractEndMonth,Month,13,23478,0,0,12,"[[0,23478],[12,861],[11,328],[6,222],[10,26]]"
315,0x13B,PROFILE_CANDIDATE,contractEndDay,Day,21,23478,0,0,31,"[[0,23478],[31,905],[30,576],[10,9],[1,6]]"
316,0x13C,UNLABELLED,,,2,25002,0,0,6,"[[0,25002],[6,3]]"
317,0x13D,UNLABELLED,,,1,25005,0,0,0,"[[0,25005]]"
318,0x13E,PROFILE_CANDIDATE,affection,Affection,1,25005,0,0,0,"[[0,25005]]"
319,0x13F,PROFILE_CANDIDATE,affectionFlags,Is Listed Player;Max Affection (?),2,14497,0,0,128,"[[0,14497],[128,10508]]"
320,0x140,UNLABELLED,,,1,25005,0,0,0,"[[0,25005]]"
321,0x141,UNLABELLED,,,1,25005,0,0,0,"[[0,25005]]"
322,0x142,UNLABELLED,,,1,25005,0,0,0,"[[0,25005]]"
323,0x143,PROFILE_CANDIDATE,teamRoleLevel,Level,1,25005,0,0,0,"[[0,25005]]"
324,0x144,PROFILE_CANDIDATE,nationality,Nationality,174,2,0,0,245,"[[146,4831],[144,1475],[236,1174],[208,999],[210,883]]"
325,0x145,PROFILE_CANDIDATE,nationality,Nationality,2,24723,0,0,1,"[[0,24723],[1,282]]"
326,0x146,PROFILE_CANDIDATE,staminaBar,Blinking Form Arrow;Stamina Bar,1,0,0,100,100,"[[100,25005]]"
327,0x147,PROFILE_CANDIDATE,currentFormArrow,Form Arrow,1,0,0,18,18,"[[18,25005]]"
328,0x148,PROFILE_CANDIDATE,unavailableDays,Period Unavailable (days),1,25005,0,0,0,"[[0,25005]]"
329,0x149,UNLABELLED,,,1,25005,0,0,0,"[[0,25005]]"
330,0x14A,PROFILE_CANDIDATE,transferFlags,Is Loan Listed;Is Transfer Listed,17,15220,0,0,240,"[[0,15220],[16,3091],[32,1445],[80,1335],[144,1263]]"
331,0x14B,UNLABELLED,,,16,18229,0,0,15,"[[0,18229],[10,1399],[2,847],[1,833],[3,791]]"
332,0x14C,UNLABELLED,,,1,0,25005,255,255,"[[255,25005]]"
333,0x14D,UNLABELLED,,,1,0,25005,255,255,"[[255,25005]]"
334,0x14E,UNLABELLED,,,1,0,25005,255,255,"[[255,25005]]"
335,0x14F,UNLABELLED,,,1,0,25005,255,255,"[[255,25005]]"
336,0x150,PROFILE_CANDIDATE,teamRole,Team Role,1,25005,0,0,0,"[[0,25005]]"
337,0x151,PROFILE_CANDIDATE,personalityAxes,Team Player - Lone Wolf,1,25005,0,0,0,"[[0,25005]]"
338,0x152,PROFILE_CANDIDATE,personalityAxes,Passion - Composure,1,25005,0,0,0,"[[0,25005]]"
339,0x153,PROFILE_CANDIDATE,personalityAxes,Technique - Strength,1,25005,0,0,0,"[[0,25005]]"
340,0x154,PROFILE_CANDIDATE,personalityAxes,Insight - Instinct,1,25005,0,0,0,"[[0,25005]]"
341,0x155,PROFILE_CANDIDATE,impact,Impact,1,25005,0,0,0,"[[0,25005]]"
342,0x156,UNLABELLED,,,1,25005,0,0,0,"[[0,25005]]"
343,0x157,UNLABELLED,,,1,25005,0,0,0,"[[0,25005]]"
344,0x158,UNLABELLED,,,1,25005,0,0,0,"[[0,25005]]"
345,0x159,UNLABELLED,,,1,25005,0,0,0,"[[0,25005]]"
346,0x15A,UNLABELLED,,,1,25005,0,0,0,"[[0,25005]]"
347,0x15B,UNLABELLED,,,1,25005,0,0,0,"[[0,25005]]"
348,0x15C,PROFILE_CANDIDATE,annualSalary,Salary (Euro),1,25005,0,0,0,"[[0,25005]]"
349,0x15D,PROFILE_CANDIDATE,annualSalary,Salary (Euro),1,25005,0,0,0,"[[0,25005]]"
350,0x15E,PROFILE_CANDIDATE,annualSalary,Salary (Euro),1,25005,0,0,0,"[[0,25005]]"
351,0x15F,PROFILE_CANDIDATE,annualSalary,Salary (Euro),1,25005,0,0,0,"[[0,25005]]"
352,0x160,UNLABELLED,,,2,133,24872,0,255,"[[255,24872],[0,133]]"
353,0x161,UNLABELLED,,,5,27,24872,0,255,"[[255,24872],[192,43],[64,35],[128,28],[0,27]]"
354,0x162,UNLABELLED,,,45,0,24872,3,255,"[[255,24872],[57,22],[56,12],[226,12],[55,11]]"
355,0x163,UNLABELLED,,,8,22,24872,0,255,"[[255,24872],[1,64],[2,30],[0,22],[5,8]]"
356,0x164,UNLABELLED,,,1,0,25005,255,255,"[[255,25005]]"
357,0x165,UNLABELLED,,,1,0,25005,255,255,"[[255,25005]]"
358,0x166,UNLABELLED,,,1,0,25005,255,255,"[[255,25005]]"
359,0x167,UNLABELLED,,,1,0,25005,255,255,"[[255,25005]]"
360,0x168,UNLABELLED,,,1,0,25005,255,255,"[[255,25005]]"
361,0x169,UNLABELLED,,,1,0,25005,255,255,"[[255,25005]]"
362,0x16A,UNLABELLED,,,1,25005,0,0,0,"[[0,25005]]"
363,0x16B,UNLABELLED,,,1,25005,0,0,0,"[[0,25005]]"
364,0x16C,UNLABELLED,,,4,0,24753,234,255,"[[255,24753],[234,243],[235,8],[238,1]]"
365,0x16D,UNLABELLED,,,2,0,24753,7,255,"[[255,24753],[7,252]]"
366,0x16E,UNLABELLED,,,9,24753,0,0,12,"[[0,24753],[12,162],[11,50],[6,24],[10,8]]"
367,0x16F,UNLABELLED,,,9,24753,0,0,31,"[[0,24753],[31,166],[30,78],[15,3],[22,1]]"
368,0x170,UNLABELLED,,,1,25005,0,0,0,"[[0,25005]]"
369,0x171,UNLABELLED,,,1,25005,0,0,0,"[[0,25005]]"
370,0x172,UNLABELLED,,,1,25005,0,0,0,"[[0,25005]]"
371,0x173,UNLABELLED,,,1,25005,0,0,0,"[[0,25005]]"
372,0x174,PROFILE_CANDIDATE,marketValue,Market Value (Euro),56,23310,0,0,250,"[[0,23310],[232,172],[160,106],[64,105],[184,103]]"
373,0x175,PROFILE_CANDIDATE,marketValue,Market Value (Euro),72,23313,0,0,247,"[[0,23313],[3,195],[5,102],[7,98],[11,93]]"
374,0x176,PROFILE_CANDIDATE,marketValue,Market Value (Euro),14,24872,0,0,18,"[[0,24872],[1,74],[2,16],[3,15],[5,6]]"
375,0x177,PROFILE_CANDIDATE,marketValue,Market Value (Euro),1,25005,0,0,0,"[[0,25005]]"
376,0x178,LABELLED_UNKNOWN,unknown_178,?,1,25005,0,0,0,"[[0,25005]]"
377,0x179,LABELLED_UNKNOWN,unknown_179,?,1,25005,0,0,0,"[[0,25005]]"
378,0x17A,UNLABELLED,,,1,25005,0,0,0,"[[0,25005]]"
379,0x17B,UNLABELLED,,,1,25005,0,0,0,"[[0,25005]]"
